model,encoding,accuracy,mae,f1_macro,f1_weighted,adjacent_error,severe_error
Naive Bayes,Nominal,0.631204963971177,0.6651321056845476,0.23205526547616184,0.5129344191482152,0.5563093622795116,0.44369063772048845
Logistic Regression,Nominal,0.6595276220976781,0.5337269815852682,0.37925075719474866,0.6064181760059966,0.6516754850088183,0.34832451499118167
