model,encoding,accuracy,mae,f1_macro,f1_weighted,precision_macro,recall_macro,training_time,precision_class_1,recall_class_1,f1_class_1,precision_class_2,recall_class_2,f1_class_2,precision_class_3,recall_class_3,f1_class_3,precision_class_4,recall_class_4,f1_class_4,precision_class_5,recall_class_5,f1_class_5,adjacent_error,severe_error
Naive Bayes,Nominal,0.6373736362726454,0.6372735461915724,0.25876353741805075,0.5280459086370413,0.42967484859976324,0.2676188577290075,0.011017322540283203,0.5851851851851851,0.2786596119929453,0.37753882915173237,0.18181818181818182,0.004629629629629629,0.009029345372460496,0.3333333333333333,0.01008827238335435,0.019583843329253364,0.4,0.061386138613861385,0.10643776824034334,0.648037542662116,0.9833306360252468,0.7812279009964641,0.5713497101849296,0.42865028981507036
Logistic Regression,Nominal,0.6552897607847062,0.5340806726053449,0.36604468182724964,0.5986614140239765,0.46382173254880954,0.34702450111935956,3.996227264404297,0.5843520782396088,0.42151675485008816,0.48975409836065575,0.29850746268656714,0.046296296296296294,0.08016032064128256,0.3234323432343234,0.1235813366960908,0.17883211678832117,0.4068767908309456,0.21089108910891088,0.27779589175089664,0.7059399877526026,0.9328370286454118,0.803680981595092,0.6631823461091754,0.33681765389082463
