model,encoding,accuracy,mae,f1_macro,f1_weighted,adjacent_error,severe_error
Ridge Regression,Ordinal,0.5124612150935842,0.5935341807626864,0.31976852189470106,0.5334673701436069,0.8183124615068774,0.18168753849312255
Ordinal Logistic Regression,Ordinal,0.6550895806225603,0.5358822940646581,0.36227037968004233,0.5986546540393491,0.6642484039466048,0.3357515960533952
